label,probability
Base,0.3141843378543854
Performance,0.3783046305179596
Standard,0.30751103162765503